Nome,Cognome,Data di Nascita,Email,Password
Mario,Rossi,01/01/85,mario.rossi@email.com,P@ssw0rd
Laura,Bianchi,15/06/92,laura.bianchi@email.com,Secure123
Marco,Verdi,20/03/80,marco.verdi@email.com,Pswd!234
Giulia,Neri,10/09/95,giulia.neri@email.com,Secret567
Luca,Gialli,05/12/88,luca.gialli@email.com,SafePwd89
